Arabic,English
賷賰賳,be
卮卅,thing
亘賴匕丕,with this
賵兀賳丕,and I
丕匕丕,if
噩丿丕,very
亘賷,with me
兀禺乇賶,another
丌爻賮,sorry
亘賰,with you
乇丕卅毓,wonderful
亘匕賱賰,by that
賰賲,how much / how many
廿匕丕賸,then
孬賲,then
卮賷卅丕賸,something
賷賵噩丿,there is
賵丕丨丿丞,one (feminine)
賵賱丕,and not
賯賱鬲,I said
賷丨丿孬,happens
亘丕賱胤亘毓,of course
卮賰乇丕,thanks
賲乇丨亘丕,hello
賷賵賲,day
兀亘賷,my father
賲毓賰,with you
賱賴丕,for her
賲毓賷,with me
爻賷丿,sir
鬲毓賱賲,you know / learn
廿匕賳,so / then
丕賱毓賲賱,work
鬲賲,it was done
丕賱賲賰丕賳,the place
丕賱賱賷賱丞,tonight
廿賱賴賷,my God
賱賴匕丕,for this
賮毓賱,did
賴賰匕丕,like this
兀賲賷,my mother
賱匕賱賰,therefore
兀賱丕,isn't it
賱賭,for
丕賱丕賳,now
丨賵賱,around
亘賲丕,with what
丨賯丕,really
丕賱丨賯賷賯丞,the truth
丕賱噩賲賷毓,everyone
賷賲賰賳賳丕,we can
亘丕賱鬲兀賰賷丿,certainly
賱兀賳,because
賱丿賷賴,he has
賱賳丕,for us
禺賱丕賱,during
亘卮賰賱,in a way
丕賱毓丕賱賲,the world
賮丨爻亘,only
丨丕賱,state / condition
丕賱匕賴丕亘,going
毓賱賷賴丕,on her
兀毓賳賷,I mean
賮毓賱鬲,I did
賯丕賱,said
賴賲,they
丕賱賲賳夭賱,the house
毓賳賴,about him
賴丕,here
亘卮兀賳,about
兀賮毓賱,I do
兀賰賵賳,I am
賱賱睾丕賷丞,very
賮賷賴,in it
亘賷賳,between
兀賳賳丕,that we
賲賳賰,from you
賵賴匕丕,and this
賱賰賽,for you (female)
噩賷丿丞,good
賷毓賳賷,means
賲噩乇丿,just
兀馗賳,I think
丕賳賰,that you
賲賳賷,from me
亘丕賱賳爻亘丞,regarding
丕賱兀賲賵乇,things
賮賰乇丞,idea
兀賲,or / mother
賲鬲賶,when
丕賱卮賷亍,the thing
丕賱賲丕賱,money
賰賳丕,we were
兀賯賵賱,I say
毓賲賱,work
兀亘丿丕賸,never
爻鬲賰賵賳,will be
毓賱賷賾,on me
兀賷賾,any
兀賲乇,matter
鬲賯賵賱,you say
鬲賵賯賮,stop
賴丐賱丕亍,these
丕賱爻賷丿,mister
丕賳馗乇,look
賱賲丕,why
賲賳賴,from him
丕賱胤乇賷賯,the road
兀卮毓乇,I feel
丨氐賱鬲,I got
丕賱丨賷丕丞,life
兀賳賷,that I
賳賮爻,same
賲毓賴,with him
亘丨丕噩丞,in need
亘爻亘亘,because of
丕賱匕賷賳,those who
鬲爻鬲胤賷毓,you can
亘兀爻,problem
丕賷,any
亘丿賵賳,without
賱賰賲,for you (plural)
鬲亘丿賵,seems
兀乇賶,I see
丨賷孬,where
丿丕卅賲丕賸,always
賵兀賳鬲,and you
鬲丨鬲,under
鬲毓丕賱,come
亘丕賱賮毓賱,already
亘賱,rather
賮囟賱賰,please
丕賱兀卮賷丕亍,things
賱賷賱丞,night
賳賮爻賰,yourself
賱賰賷,so that
賵賴賵,and he
亘丨賯,really
賲卮賰賱丞,problem
卮賷卅丕,something
兀乇噩賵賰,please
兀匕賴亘,I go
賷乇賷丿,wants
鬲賲丕賲丕賸,exactly
丕賱賵丨賷丿,the only one
丕賱卮禺氐,the person
乇兀賷鬲,I saw
毓夭賷夭鬲賷,my dear
丕賱卮乇胤丞,the police
兀丨亘,I love
兀賷囟丕,also
亘賳丕,with us
兀乇丿鬲,I wanted
丕賱賳丕乇,the fire
爻賲毓鬲,I heard
噩賲賷毓,all
賯賱賷賱丕賸,a little
丕賳鬲馗乇,wait
賮鬲丕丞,girl
賰亘賷乇,big
賷毓乇賮,knows
賮賷賴丕,in it
丕賱乇噩丕賱,the men
丕賱爻亘亘,the reason
爻賳賵丕鬲,years
丕賱亘丕亘,the door
賳匕賴亘,we go
丨賷丕鬲賷,my life
丕賱爻賷丕乇丞,the car
禺丕乇噩,outside
孬賱丕孬丞,three
鬲匕賴亘,you go
賰丕賳賵丕,they were
丕賱丨氐賵賱,getting
賷賯賵賱,says
丕賱賵丕賯毓,reality
賰孬賷乇丕賸,a lot
賰亘賷乇丞,big
兀丨鬲丕噩,I need
賯賲鬲,I did
賲賳賴丕,from it
丕爻鬲胤賷毓,I can
賳賵毓,type
賴賳丕賱賰,there
噩賲賷賱丞,beautiful
亘賰賱,with all
丿賵賱丕乇,dollar
丕賱兀賮囟賱,the best
噩丿賷丿,new
丕賷賳,where
亘丕賱囟亘胤,exactly
丿毓賳丕,let us
丕賱賲丿賷賳丞,the city
噩賲賷賱,beautiful
亘爻乇毓丞,quickly
丕賱兀乇囟,the earth
賱丨馗丞,moment
丕賱胤乇賷賯丞,the way
乇丕卅毓丞,wonderful
爻毓賷丿,happy
丿賯賷賯丞,minute
賱賰賳賴,but he
睾乇賮丞,room
廿賱賷賴,to him
丕賱鬲丨丿孬,talking
孬丕賳賷丞,second
丿毓賳賷,let me
賱賰賳賳賷,but I
丕賱賮鬲丕丞,the girl
兀賳鬲賲,you (plural)
毓馗賷賲,great
噩賷丿丕賸,well
賳賮爻賷,myself
廿賱賷賰,to you
賯丕賲,he did
賱丿賷賴丕,she has
毓丕賲,year
賷毓賲賱,works
爻兀賰賵賳,I will be
毓賷丿,holiday
乇賮丕賯,friends
兀賱賲,pain
賱賴賲,for them
鬲毓賲賱,you work
鬲鬲丨丿孬,you speak
丕賱賱賴,God
爻丕毓丞,hour
丕賱賲乇丞,the time
鬲乇賶,you see
賲鬲兀賰丿,sure
噩賲賷毓丕賸,all
兀丨丕賵賱,I try
丕賱賲賵鬲,death
乇賯賲,number
賲賳賴賲,from them
爻賷丕乇丞,car
賲噩丿丿丕賸,again
毓賳賰,about you
賷賮毓賱,does
匕賴亘鬲,I went
丕賱賲夭賷丿,more
兀鬲賲賳賶,I hope
賲丕鬲,died
賷鬲賲,it is done
賱賰賳賷,but I
胤乇賷賯,road
賵噩丿鬲,I found
兀賵賱,first
賲毓賴丕,with her
爻毓賷丿丞,happy
賱丿賶,have
兀賯氐丿,I mean
廿賱丕,except
氐亘丕丨,morning
丕賱乇卅賷爻,the president
賮乇氐丞,opportunity
丕賱兀賵賱賶,the first
賷賰賮賷,enough
毓賱丕賯丞,relationship
氐睾賷乇丞,small
丕賱兀賯賱,least
睾乇賷亘,strange
賱賳匕賴亘,let's go
丕賱賲丿乇爻丞,the school
丕賱氐亘丕丨,the morning
兀賮賴賲,I understand
丨賷賳,when
氐丿賷賯賷,my friend
爻兀匕賴亘,I will go
鬲兀鬲賷,you come
兀禺亘乇賳賷,tell me
賳爻鬲胤賷毓,we can
賳賮爻賴,himself
丕賱兀胤賮丕賱,the children
丨丕賱丞,case
賷爻鬲胤賷毓,can
賷噩乇賷,runs
爻賳丞,year
賳賮毓賱,we do
賳賴丕賷丞,end
兀賮賰乇,I think
兀賵丿,I would like
毓卮乇,ten
丕賱丨亘,love
賲毓丕賸,together
賱丿賷賴賲,they have
噩丿賷丿丞,new
賷毓賱賲,knows
賯丕賱鬲,she said
亘丿兀鬲,started
丕賱兀賵賱,the first
丿賯丕卅賯,minutes
毓賳賷,about me
爻賷丿丞,lady
丨丕賱賰,your condition
廿賳賳賷,that I
毓夭賷夭賷,my dear
乇噩丕賱,men
賳毓乇賮,we know
乇丐賷丞,seeing
賷賳亘睾賷,should
丨氐賱,happened
賲毓賳丕,with us
丕賱胤賮賱,the child
賵賱賷爻,and not
賰賷,so that
鬲丨鬲丕噩,you need
賯賱賷賱丕,a little
丨賷丕丞,life
丕爻賲毓,listen
丕賱爻丕毓丞,the hour
兀賰亘乇,bigger
賮賴賲鬲,I understood
毓賳賴丕,about her
兀乇賷丿賰,I want you
乇噩丕亍賸,please
鬲賮毓賱賴,you do it
馗賳賳鬲,I thought
爻賷丿鬲賷,madam
丕賱亘毓囟,some
丕賱氐睾賷乇,the small one
鬲毓賳賷,you mean
丕賱亘賷鬲,the house
乇兀賷賰,your opinion
鬲賰賵賳賷,you are (female)
賴購賳丕,here
賵丕賱丿賰,your father
賲賴賲丕,whatever
丕賱毓賵丿丞,return
鬲賲丕賲丕,completely
賱胤賷賮,nice
賷賯賵賲,does
丕賱爻噩賳,prison
丕賱賱賷賱,the night
丕賱爻賷丿丞,the lady
兀禺賷,my brother
胤賵賷賱丞,long
賵丕賱丿賷,my father
丨丕賳,time has come
兀賯賱,less
丕賱賴丕鬲賮,the phone
毓亘乇,through
鬲乇噩賲丞,translation
賳丨鬲丕噩,we need
兀賷鬲賴丕,hey (female)
兀鬲丨丿孬,I speak
兀賷丕賲,days
兀丨丿賴賲,one of them
兀賵賱丕賸,first
丕賱賲丕囟賷,the past
兀丨亘賰,I love you
丕賱胤毓丕賲,the food
丕賱亘賯丕亍,staying
賲毓乇賮丞,knowledge
丕賱毓丕賲,the year
兀氐亘丨,become
匕丕鬲,with / possessing
丕賱噩丿賷丿,the new
賵囟毓,place
爻賷卅丞,bad
胤賮賱,child
賮賵賯,above
丨賷丕鬲賰,your life
丿丕禺賱,inside
賵賰丕賳,and was
賳賰賵賳,we are
禺胤兀,mistake
爻丕賲,Sam
賵賳丨賳,and we
賲賳夭賱,house
鬲卮毓乇,you feel
毓賱賷賴賲,on them
丕賱賲賮鬲乇囟,supposed
賳鬲丨丿孬,we talk
胤賵賷賱,long
賳氐賮,half
賮乇賷賯,team
兀禺匕,took
丕賱賲丕亍,the water
賱丕丨賯丕賸,later
丨賯,right
賷兀鬲賷,comes
氐丿賷賯,friend
睾丿丕賸,tomorrow
爻兀賮毓賱,I will do
賲賳丕,from us
丕賱氐睾賷乇丞,the small one
賳乇賷丿,we want
禺匕,take
噩夭亍,part
賱賰賳賴丕,but she
噩賵,weather
兀卮賷丕亍,things
賰賱賲丞,word
鬲賮毓賱賷賳,you do (female)
兀毓賲賱,I work
賷賲賰賳賴,he can
丕賱丌禺乇,the other
鬲丨丕賵賱,you try
氐睾賷乇,small
賱爻鬲購,I am not
亘禺氐賵氐,regarding
兀禺亘乇賰,I tell you
丕賱丨丕賱,the situation
亘兀賷,with any
賳馗乇丞,look
賱兀噩賱,for the sake of
丕賱禺乇賵噩,going out
鬲馗賳,you think
丕賱賳賵賲,sleep
丕賱賲丕囟賷丞,the past
丿賰鬲賵乇,doctor
丕賱賲乇兀丞,the woman
丕賳馗乇賷,look (female)
賱賲丿丞,for a period
賵噩賵丿,existence
丕賱丨乇亘,the war
匕丕,this
鬲賯賱賯,worry
亘賱丕,without
毓乇賮鬲,I knew
孬賱丕孬,three
賴賱丕,come on
兀丿乇賷,I know
匕賴亘,went
丕賱賲卮賰賱丞,the problem
丕賱兀爻亘賵毓,the week
丕賱賵丨賷丿丞,the only one
賰賱賴,all of it
鬲毓丕賱賷,come (female)
廿賳賰,that you
丨丕賵賱鬲,I tried
丿毓賵賳丕,let us
丕禺乇賶,another
賵卮賰,about to
賮毓賱丕賸,really
賵爻賵賮,and will
毓丕卅賱丞,family
毓丿賲,not
兀禺亘乇鬲賰,I told you
爻賷丿賶,my sir
乇卅賷爻,president
賮兀賳丕,so I
丕賱睾乇賮丞,the room
丕賱賲爻丕毓丿丞,the help
丕賱禺丕乇噩,outside
亘毓賷丿丕賸,far away
兀毓胤賳賷,give me
丕匕賳,then
爻賷亍,bad
丕賱毓丿賷丿,many
兀氐亘丨鬲,I became
丕賱胤亘賷亘,the doctor
乇爻丕賱丞,message
禺賲爻丞,five
賷匕賴亘,goes
丕賱毓卮丕亍,dinner
丕賱賮鬲賷丕鬲,the girls
丕賱賳爻丕亍,the women
囟丿,against
鬲丨氐賱,you get
賳賯賵賲,we do
噩賷丿丕,well
賷賴賲,matters
亘賴賲,with them
丕賱賲賵囟賵毓,the topic
丕賱賲賲賰賳,possible
丕賱賮鬲賶,the boy
賲亘丕卮乇丞,directly
亘丕賱兀賲乇,about the matter
兀鬲匕賰乇,I remember
亘賷鬲,house
亘胤乇賷賯丞,in a way
爻丕毓丕鬲,hours
丨賷賳賲丕,when
賮鬲乇丞,period
丕賱兀卮禺丕氐,the people
兀乇丕賰,I see you
丕爻賲,name
賯氐丞,story
鬲賵噩丿,exists
丕賱賯丕丿賲丞,the coming
丕賲乇兀丞,woman
賮鬲賶,boy
丕賮囟賱,better
丨賯賷賯賷,real
亘賵丕爻胤丞,by
賲噩賳賵賳,crazy
夭賵噩鬲賷,my wife
兀賴匕丕,is this
賲鬲兀賰丿丞,sure (female)
匕丕賴亘,going
賷丨氐賱,happens
鬲丨亘,you love
丕賱賳賴丕賷丞,the end
賲賰鬲亘,office
賲孬賱賰,like you
丕賳賳丕,that we
亘丕賱禺丕乇噩,outside
賱賴匕賴,for this
丕賱丨賯,the truth
亘賱賶,yes
兀氐丿賯,I believe
丌賲賱,I hope
丕賱廿胤賱丕賯,at all
胤賱亘,request
亘丿兀,started
賱毓亘丞,game
噩賵乇噩,George
賯乇賷亘丕賸,soon
賲噩賲賵毓丞,group
兀賲丕賲,in front of
丕賱丨丿賷孬,talking
賲爻丕毓丿鬲賰,helping you
丨丕賵賱,try
丨賯賷賯丞,truth
丕賱賱賯丕亍,the meeting
賲丿賶,extent
氐賵乇丞,picture
丕賱鬲賮賰賷乇,thinking
丕賱賲賱賰,the king
丕賱兀禺賷乇丞,the last
丕賱孬丕賳賷丞,the second
賮賴賵,so he
鬲丨丿孬,spoke
丕賱賵囟毓,the situation
毓丿丿,number
丨賮賱丞,party
賵賱賰賳賷,but I
賱爻賳丕,we are not
鬲亘賯賶,remain
賲丿賷賳丞,city
賰賴匕丕,like this
丕賳鬲賴賶,finished
賷丨丕賵賱,tries
賳丨賵,toward
兀卮賴乇,months
賲孬賷乇,exciting
卮乇賰丞,company
鬲賮賴賲,you understand
丕賱噩丿賷丿丞,the new
賱賰賱,for all
兀氐丿賯丕亍,friends
丕賱賳賵毓,type
丕賱噩賷丿,the good
賲賷鬲,dead
亘賷賳賳丕,between us
丕賱乇亘,the Lord
毓賲賱賷丞,operation
匕賵,with
丕賱賯囟賷丞,the case
兀丨囟乇,bring
賯丕丿賲,coming
丕賱賵丕囟丨,clear
丿毓賷賳賷,let me (female)
鬲賮囟賱,please / go ahead
鬲賵賲,Tom
兀鬲賷鬲,I came
兀爻賲毓,I hear
鬲兀禺匕,you take
賯賵賱,say
丕賱毓丕卅賱丞,the family
亘賳賮爻賰,by yourself
賲賵毓丿,appointment
毓賳丿賷,I have
兀孬賳丕亍,during
賲賲賰賳,possible
鬲禺亘乇賳賷,you tell me
廿匕賸丕,so
丕賱賰亘賷乇,the big one
氐丕丨,shouted
廿賳鬲馗乇,wait
丕賱夭賵丕噩,marriage
賮毓賱鬲賴,I did it
賵賱賰賳賴,but he
丨亘賷亘鬲賷,my darling
鬲匕賰乇,remember
兀賲賰,your mother
賲爻鬲丨賷賱,impossible
丕毓鬲賯丿鬲,I thought
賲賱賷賵賳,million
毓賱賲,knowledge
賯賱,say
胤賱亘鬲,I asked
乇亘賾賲丕,perhaps
匕丕賰,that
丨爻賳,good
丕賱兀禺乇賶,the other
賷丨鬲丕噩,needs
鬲毓賵丿,return
賳爻賷鬲,I forgot
賵氐賱鬲,I arrived
丕賳鬲馗乇賷,wait (female)
賳毓賱賲,we know
丕賱賳馗乇,looking
廿匕賴亘,go
兀鬲乇賷丿,do you want
毓丿丞,several
爻賷丨丿孬,will happen
丕亘賳,son
丕賱氐毓亘,difficult
鬲賯乇賷亘丕賸,almost
丕賱丨馗,luck
兀賱賮,thousand
賲爻丕毓丿丞,help
鬲氐亘丨,become
爻兀賯賵賲,I will do
噩卅鬲,I came
禺賱賮,behind
禺賲爻,five
丕賱丨賯賷賯賷,the real
賲賳賰賲,from you (plural)
兀乇亘毓丞,four
丕賱賯賱賷賱,a little
賷夭丕賱,still
丕賱丿賲,blood
廿賳賳丕,that we
兀爻乇毓,faster
丕賱亘丿丕賷丞,the beginning
爻兀毓賵丿,I will return
氐毓亘,difficult
亘毓賷丿丕,far
賰賳,be
毓乇囟,offer
亘賰孬賷乇,much
賵毓賳丿賲丕,and when
丕爻賲賴,his name
鬲賮賰乇,you think
丌賳爻丞,miss
鬲毓鬲賯丿賷賳,you think (female)
賮賯丿鬲,I lost
賲賴賲,important
賷鬲丨丿孬,he speaks
賱兀賷,for any
亘毓丿賴丕,after that
賷乇賷丿賵賳,they want
賷賵賲丕賸,day
賷毓賵丿,returns
噩丕亍,came
賴購賳丕賰,there
鬲乇賰,left
丕賱賲賳丕爻亘,appropriate
丕賱爻丐丕賱,the question
丕賰賵賳,I am
丕賱丌禺乇賷賳,others
鬲賯氐丿,you mean
丕鬲氐賱,call
鬲亘丿賷賳,you appear
賱賱毓賲賱,for work
賲毓賴賲,with them
丕賱鬲丕賱賷,next
卮乇胤丞,police
賯胤,cat
噩乇賷賲丞,crime
兀亘丨孬,I search
鬲賵賯賮賷,stop (female)
亘賳賮爻賷,myself
丕賱卮賲爻,the sun
賮賰乇鬲,I thought
賷賮鬲乇囟,supposed
丕賱爻賲丕亍,the sky
丕賱賵氐賵賱,arrival
丕賱噩丕賳亘,the side
兀丨氐賱,I get
毓卮乇丞,ten
賲毓丕,together
丕賱丿丕禺賱,the inside
兀毓賵丿,I return
丕賱賲毓賱賵賲丕鬲,the information
鬲丨賲賱,carry
兀胤賮丕賱,children
丕賱孬丕賳賷,the second
噩賷賾丿,good
賴匕丞,this
亘亘毓囟,with some
賷丕乇噩賱,man!
亘賰賲,how much (plural)
賵丿丕毓丕賸,goodbye
賷毓丿,prepare
丕賱兀賷丕賲,the days
兀爻賵兀,worse
賲卮丕賰賱,problems
丕賱亘丨孬,search
爻鬲賮毓賱,you will do
丕爻賲賷,my name
賵丕囟丨,clear
噩賴丕夭,device
丨鬲賶,until
丕賱丿禺賵賱,entry
丕賱丨賱賯丞,episode
賯鬲賱鬲,I killed
賲爻鬲毓丿,ready
賷賯賵賱賵賳,they say
賮毓賱丕,really
亘囟毓丞,a few
賳賵毓丕賸,kind of
毓賲丕,about what
兀賲爻,yesterday
丕賱噩夭亍,the part
丕賯賵賱,I say
丕賱賱丨馗丞,the moment
丕賱賯丿賷賲丞,the old
賲賻賳,who
賰乇丞,ball
丕賱賲禺丿乇丕鬲,drugs
賲丨賯,right
爻鬲丞,six
賵賴匕賴,and this
丕賱賲爻鬲卮賮賶,the hospital
氐賵鬲,voice
賳乇賶,we see
丕賱賰賱丕賲,speech
乇噩丕亍,please
爻賳匕賴亘,we will go
賯囟賷丞,case
賰丕賲賱,complete
兀賰乇賴,I hate
賲禺鬲賱賮,different
禺丕氐丞,special
丕鬲賮賯賳丕,we agreed
兀禺匕鬲,I took
禺胤乇,danger
賯胤毓丞,piece
乇丕卅毓丕賸,wonderful
胤丕賱賲丕,as long as
夭丕賱,still
兀丨賷丕賳丕賸,sometimes
兀兀賳鬲,are you
賲賯丕亘賱,against
賯賲,do
毓賱賷賰賲,on you (plural)
賲乇賰夭,center
亘廿賲賰丕賳賷,I can
丕賱丿賰鬲賵乇,the doctor
丕賱賯丕卅丿,the leader
丕賱賲賳胤賯丞,the area
丕賱禺胤兀,the mistake
兀胤賱亘,I request
鬲毓賷卮,you live
丕賱丕卮賷丕亍,the things
賱賮鬲乇丞,for a period
夭賵噩鬲賰,your wife
賷丨亘,he loves
丕賱賲毓匕乇丞,sorry
毓丕賱賲,world
胤亘賷亘,doctor
丕賱賮乇賷賯,the team
丕賱氐賵乇丞,the picture
賳賮爻賴丕,herself
賱賰賳賳丕,but we
丕賱丕鬲氐丕賱,contact
丨賷丕賱,regarding
賲賮賴賵賲,understood
賵亘毓丿賴丕,and after that
賲禺鬲賱賮丞,different
卮毓乇鬲,I felt
丕賱卮丕乇毓,the street
亘廿賲賰丕賳賰,you can
睾丿丕,tomorrow
賲囟丨賰,funny
丕賱胤丕卅乇丞,the airplane
賮毓賱賴丕,he did it
賷賳鬲賴賷,ends
賲賳鬲氐賮,middle
丕賱賯丕賳賵賳,the law
乇兀賷鬲賴,I saw him
兀賳鬲馗乇,I wait
丕賱賴賵丕亍,the air
丕賱賰鬲丕亘,the book
賯爻賲,department
爻賳賰賵賳,we will be
賮賷賱賲,film
兀賴鬲賲,I care
賲賵噩賵丿,exists
亘卮丿丞,strongly
丕賱賯鬲賱,the killing
賲賲鬲丕夭,excellent
丕賱毓孬賵乇,finding
賲乇丕鬲,times
賰孬賷乇,many
丕亘賳賷,my son
賱胤賷賮丞,nice
兀賯爻賲,I swear
丕賱卮毓賵乇,the feeling
賵噩賴,face
兀賵賱卅賰,those
廿賳賷,I
兀噩丿,I find
丨賵丕賱賷,around
賯賱賷賱,little
兀丨丿丕賸,someone
丨丕噩丞,need
賷毓賷卮,live
兀禺賷乇丕賸,finally
廿毓丕丿丞,again
兀賳鬲賲丕,you two
丨丕賱丕賸,immediately
丿賱賷賱,evidence
賮廿賳,then
丕賱爻賳丞,the year
賲丕夭丕賱,still
丕賱賯丕鬲賱,the killer
賵賱賯丿,and indeed
賲賷賱丕丿,birth
卮賴乇,month
鬲毓賱賲賵賳,you know (plural)
丕賱爻賷胤乇丞,control
賯賵丞,power
乇丨賱丞,trip
爻鬲毓賲賱,will work
兀爻賮賱,below
賷毓鬲賯丿,believes
夭賵噩賷,my husband
毓賱賲鬲,I knew
毓賲賱賷,my work
丕賱賯丕丿賲,the next
賵賴賱,and is
鬲夭丕賱,still
丕賱毓乇囟,the show
丕賱氐丨賷丨,correct
兀丨賲賯,idiot
丕賱賯氐丞,the story
賴乇丕亍,nonsense
賲爻丕亍,evening
鬲乇賰鬲,I left
賷賲賵鬲,he dies
噩丕賴夭,ready
丕賱賲賰鬲亘,the office
丕禺乇噩,go out
賲丨丕賵賱丞,attempt
丕賱氐賵乇,the pictures
毓丿鬲,I returned
丕賱賱毓亘丞,the game
毓丕丿,returned
鬲乇睾亘,you wish
丕爻賲賰,your name
丕賱賵睾丿,bastard
鬲亘丨孬,you search
丕爻賲毓賷,listen (female)
禺胤丞,plan
賵乇丕亍,behind
丕賱爻賮賷賳丞,the ship
賯丕卅賲丞,list
賵囟毓鬲,I put
丨賯賷賯賷丞,real
鬲賳馗乇,you look
鬲賵丿,you wish
賲賵賯毓,location
亘丕賱賰丕賲賱,completely
賲賴賲丞,mission
兀胤賱賯,launch
卮亘丕亘,youth
丕賱亘賱丿丞,the town
丕賱賯賴賵丞,coffee
丕賱賲丨鬲賲賱,possible
丨賷賳賴丕,then
兀乇睾亘,I want
乇兀賷,opinion
賲乇丞,once
鬲禺乇噩,you leave
賲丕夭賱鬲,I still
鬲爻鬲胤賷毓賷賳,you can (female)
賲毓賱賵賲丕鬲,information
丕卮毓乇,I feel
兀毓丿,I promise
丕賳馗乇賵丕,look
賰賵賳賷,be (female)
丕賱賮乇氐丞,the opportunity
賲丕賴賵,what is
賯賱亘賷,my heart
丕賱禺胤,the line
丕賱卮卅,the thing
鬲亘丕,damn
氐丿賷賯賰,your friend
賲噩丿丿丕,again
鬲噩丿,you find
賯丕鬲賱,killer
賳噩丿,we find
廿賷噩丕丿,finding
賷噩毓賱,makes
賷氐亘丨,becomes
賳賯胤丞,point
丕賱亘卮乇,humans
賳馗丕賲,system
鬲亘丿兀,begin
鬲賲賱賰,own
兀賲賱賰,I own
囟毓,put
鬲賲鬲,it was done
賲囟賶,passed
兀毓乇賮賴,I know him
兀禺亘乇,tell
丕賱亘丨乇,the sea
乇丐賷鬲賰,seeing you
乇兀爻賰,your head
丕賱兀禺亘丕乇,the news
兀賲丕,as for
賷爻鬲丨賯,deserves
丕賱毓賲賷賱,the client
丕賱賲丨賰賲丞,the court
丿毓賷賳丕,let us
鬲睾賷賷乇,change
丕賱兀乇噩丨,most likely
亘丕賱丿丕禺賱,inside
毓丿丕,except
賲賳夭賱賷,my house
丕賱賯丿賷賲,the old
禺丕卅賮丞,afraid
賰孬賷乇丞,many
賱賱丨氐賵賱,to obtain
賯丕賲鬲,she did
廿胤賱丕賯,release
丕賱賲卮丕賰賱,the problems
賰賱賳丕,all of us
丨鬲賷,until
禺賷丕乇,choice
亘賲丕匕丕,with what
毓賳丿賴丕,then
賰賱賲丕,whenever
鬲丨乇賰,move
兀噩賱賰,for you
丕賱睾丿,tomorrow
賲丕鬲鬲,she died
賷鬲毓賱賯,relates
睾亘賷,stupid
丕匕丕賸,then
兀禺亘丕乇,news
毓丕卅賱鬲賷,my family
丕賱賯賱亘,the heart
亘毓賷丿,far
噩毓賱,make
丕賱丨丕賱丞,the situation
廿賲乇兀丞,woman
丕賱賲賵爻賷賯賶,music
兀毓賱賶,higher
爻亘賯,before
廿賱賷賳丕,to us
丕乇噩賵賰,please
丕賱賯賷丕丿丞,driving
賱兀賳賳丕,because we
丕賱卮乇賰丞,the company
丕賱毓賷卮,living
丕賱亘丕乇丨丞,yesterday
丕賱賯賵丞,the power
賷噩丿乇,should
賲賳胤賯丞,area
賷賲賰賳賴丕,she can
亘丕賱賰丕丿,barely
禺丕氐,private
賵馗賷賮丞,job
丕孬賳丕賳,two
賲毓賳賶,meaning
丕賱胤丕亘賯,the floor
丕賱賯賵賱,saying
鬲丨丿孬鬲,I spoke
丨丿,limit
丕賱賲賷賱丕丿,birth
毓賲賱賰,your work
丕賱賳賯賵丿,the money
賯乇賷亘,near
兀賵賱丕,first
賮賱賳,then let's
乇噩賱丕賸,man
毓賳丿賰,you have
賵賰賳鬲,and I was
賯賱鬲賴,I said it
丕賱兀丨賲賯,the idiot
兀鬲賶,came
丕賲,mother
噩賷賲,Jim
丨賷丕鬲賴,his life
丕賱賰亘賷乇丞,the big
丕賱爻丕亘賯丞,the previous
氐丕丨亘,owner
丕賱賲賱丕亘爻,clothes
賵賯丕賱,and he said
賱賱兀亘丿,forever
亘賳賮爻,with same
兀卮禺丕氐,people
賵廿賱丕,otherwise
丕賱兀賲賳,security
禺丕卅賮,afraid
丕賱兀賰孬乇,the most
丕賱爻丕亘賯,the previous
兀賮毓賱賴,I do it
兀禺卮賶,I fear
丕賱爻賱丕丨,the weapon
鬲賲賵鬲,die
賵賱賰賳賴丕,but she
爻賳賮毓賱,we will do
賱亘毓囟,for some
賵賴賲,they
丕賱丿賲丕亍,blood
丕孬賳賷賳,two
賱賰賻,for you
兀毓丿賰,I promise you
丨賮賱,party
賵賯鬲丕賸,time
鬲乇賷丿賴,you want it
兀爻丕亘賷毓,weeks
賷賰賵賳賵丕,they are
丕賱噩賷卮,the army
夭賵噩丞,wife
賮賴匕丕,so this
兀禺亘乇鬲賳賷,you told me
兀毓鬲匕乇,I apologize
賰賱丕賳丕,both of us
爻賳賯賵賲,we will do
賵丕丨丿丕賸,one
亘乇賳丕賲噩,program
賮兀賳鬲,so you
丕賱賲鬲丨丿丞,the united
爻賱丕丨,weapon
丕賱賱毓賷賳丞,damn
氐賳丿賵賯,box
賷丿賷賰,your hands
丕賱賰賱亘,the dog
賱胤丕賱賲丕,always
丕亘鬲毓丿,go away
丕賱丨賲丕賲,bathroom
丕賱睾賷乇,others
亘賳賷,built
兀賲乇賷賰丕,America
丕賱賴丿賮,the goal
賵賱丿,boy
丕賱兀禺賷乇,the last
賵噩丿賳丕,we found
丕賳鬲賲,you
爻禺賷賮,ridiculous
賱賲賳,for whom
丕丨亘,I love
賯胤毓,cut
孬賲丞,there is
亘噩丕賳亘,beside
丕丨鬲丕噩,I need
鬲賯乇賷亘丕,almost
丕賱丕賲賵乇,matters
賯丿賲,foot
賯賵賷丞,strong
毓丕賲丕賸,year
丕馗賳,I think
丕賱丨賮賱丞,the party
賳亘丿兀,we begin
睾乇賷亘丞,strange
賮賴賲,understand
賵匕賱賰,and that
丕毓賳賷,I mean
兀乇丕丿,he wanted
馗賴乇,appeared
爻賲丕毓,hearing
丕賱賰賮丕賷丞,enough
丕賱孬丕賱孬,the third
鬲賳丕賵賱,take
丕賱鬲毓丕賲賱,dealing
丕賱丕賳鬲馗丕乇,waiting
丿賵乇,role
賴丿賷丞,gift
賴丕賴,huh
賰鬲丕亘,book
賲毓賶,with me
鬲賯賱,decrease
乇丕卅丨丞,smell
賲毓馗賲,most
丕賱賮賷賱賲,the movie
丨亘賷亘賷,my love
爻兀鬲氐賱,I will call
賲賰丕賳賰,your place
賳毓賲賱,we work
丕賱氐賵鬲,the sound
丕賱賲賷丕賴,the water
賲孬賱賷,like me
卮毓賵乇,feeling
丕賱禺賱賮,the back
毓丕丿丞,usually
賯乇賷亘丕,soon
丕亘賳鬲賷,my daughter
丕賱賲爻鬲賯亘賱,the future
禺乇噩鬲,I went out
賵噩賴賷,my face
丕賱賴乇丕亍,nonsense
乇睾賲,despite
賮噩兀丞,suddenly
賲孬賷乇丞,exciting
丕賱廿鬲氐丕賱,contact
兀賷賲賰賳賰,can you
賵丕賱丿鬲賰,your mother
兀禺鬲賷,my sister
賱賷爻賵丕,they are not
丕賱噩賲賷賱丞,the beautiful
丕賱賲亘賳賶,the building
丕賱賳馗丕賲,the system
賱丿賷賰賲,you have
亘賯丿乇,as much
賴丕乇賷,Harry
賳亘丨孬,we search
鬲氐賱,you arrive
亘丿賱丕賸,instead
賰賳鬲賻,you were
丿乇噩丞,degree
丕賱乇睾賲,despite
亘丕賱賲賳丕爻亘丞,by the way
胤乇賷賯賷,my way
賯丕丿賲丞,coming
賲乇賾丞,once
丌賱,Al
丕賱爻乇賷乇,the bed
賵噩賴賰,your face
兀賲乇丕賸,matter
賵廿賳,and if
丕賱爻賷丕乇丕鬲,the cars
丕賱賲賴賲丞,the mission
亘丕賱賱賴,for God's sake
兀賴賱丕,welcome
丕匕賴亘賷,go (female)
兀鬲氐賱,I call
夭賵噩鬲賴,his wife
丕賱賯亘囟,arrest
賲乇賷囟,sick
亘賱丿賷,my country
兀禺亘乇賷賳賷,tell me (female)
賱丕丨賯丕,later
丕賱卮丕亘,the young man
丕賱毓噩賵夭,the old man
賳毓賵丿,we return
爻賷賾丿,mister
丕賱兀亘,the father
賲匕賴賱,amazing
毓賲賱鬲,I worked
賲丕乇賰,Mark
兀丨囟乇鬲,I brought
賵氐賱,arrived
賵賱賵,even if
賷氐賱,arrives
賲賵噩賵丿丞,existing
賳丨氐賱,we get
丕賱孬丕賱孬丞,the third
兀賷丕賸,any
丕賱賱毓亘,playing
賱賰賶,so that
丕賱賲爻賷丨,Christ
丕爻鬲禺丿丕賲,use
賷賮毓賱賴,he does it
賲丨賯丞,right
賮賴賷,so she
鬲鬲匕賰乇,you remember
丕乇賶,I see
賷賲賱賰,owns
賳禺乇噩,we go out
鬲馗賴乇,appear
鬲毓丿,count
鬲噩毓賱,make
丕賱胤丕賯丞,energy
兀乇賷丿賴,I want it
鬲鬲丨丿孬賷賳,you speak
兀卮賰乇賰,I thank you
兀鬲乇賶,do you see
賱賱匕賴丕亘,to go
賵丕孬賯,confident
賴丕賷,hi
賲噩賳賵賳丞,crazy
噩丕賳亘,side
丕賱賯鬲丕賱,fighting
丕賱賯丕囟賷,the judge
丕賱賲丨賯賯,the investigator
亘胤丕賯丞,card
賲鬲兀禺乇,late
卮毓乇,hair
賲丕賴匕丕,what is this
賲丕賱,money
爻丕毓丿賳賷,help me
丕賱毓賲賱賷丞,the operation
賴丕鬲賮,phone
丕賱兀賲,the mother
賷禺乇噩,goes out
丕賱賲賵爻賲,the season
賷兀禺匕,takes
賷毓乇賮賵賳,they know
賮毓賱鬲賴丕,I did it
丕賱馗賱丕賲,the darkness
丕賱乇賯氐,dancing
賱乇丐賷丞,to see
丕賱賵賱丕賷丕鬲,the states
賲丿乇爻丞,school
賳丨丕賵賱,we try
賰賷賮賷丞,how
鬲賲夭丨,you joke
兀爻亘賵毓,week
鬲賯賵賱賷賳,you say (female)
丿賮毓,pay
賯賲賳丕,we did
賷噩毓賱賰,makes you
亘丿丕賷丞,beginning
賷賴鬲賲,cares
丕賱睾丿丕亍,lunch
賱賳丿賳,London
胤毓丕賲,food
賰丕賲賱丞,complete
賵乇亘賲丕,and maybe
賲夭賷丿,more
卮賵賳,Sean
廿丨丿賶,one of
丕賱賲丿賷乇,the manager
乇賷鬲卮丕乇丿,Richard
賱乇亘賲丕,perhaps
賱賳賮爻賰,for yourself
爻鬲賷賮,Steve
爻賷鬲賲,will be
鬲鬲丨乇賰,move
丕賱丨賷賵丕賳丕鬲,the animals
亘賷鬲賷,my house
兀鬲賮賴賲,I understand
賵爻胤,middle
賯賱亘,heart
賲賱丕亘爻,clothes
丕賱賮賳丿賯,the hotel
賰乇賷爻,Chris
兀乇噩賵賰賽,please (female)
丕賱囟賵亍,the light
丕賱乇爻丕賱丞,the message
賱丕賳,because
丕賱丨賰賵賲丞,the government
氐丿賷賯丞,friend
賰賱亘,dog
賯乇乇鬲,I decided
賲爻鬲毓丿丞,ready
丕賱兀毓賱賶,the top
丨賱,solution
賷丿賰,your hand
丕賱賲賴賲,the important thing
噩夭賷賱丕賸,very much
廿爻賲毓,listen
賲賳賾賷,from me
丕賱禺胤丞,the plan
乇兀爻,head
賵氐賱賳丕,we arrived
兀賯賵賱賴,I say it
丌賲賳,safe
卮禺氐賷丞,personality
丕鬲氐賱鬲,I called
爻賲丨鬲,I allowed
噩賳賵賳,madness
賷卮毓乇,feels
丕賱卮賷胤丕賳,the devil
賷亘賯賶,remains
丨乇亘,war
丕賱兀爻卅賱丞,the questions
鬲賴鬲賲,you care
亘賷賳賷,between me
兀噩賱賷,for me
鬲鬲賰賱賲,you speak
鬲卮毓乇賷賳,you feel
丿賵賲丕賸,always
賰賳鬲賲,you were
乇賵亘乇鬲,Robert
爻兀賯賵賱,I will say
丕賱卮毓乇,the hair
鬲睾賷乇,change
賯賵賱賴,his saying
賵丕丨丿賴,one
兀賷賲賰賳賳賷,can I
丕賱賷賰,to you
丕賱兀毓賲丕賱,the works
兀氐丿賯丕卅賷,my friends
賷丿賷,my hand
賷賲賰賳賴賲,they can
賲孬賱賲丕,just like
丨氐賱賳丕,we got
丨亘,love
亘丕賳,that
亘賵爻毓賷,I can
亘賲噩乇丿,just
賲毓賰賲,with you
丕賱乇賯賲,the number
胤賷亘,okay
乇兀爻賷,my head
賱丨賲,meat
兀毓賷卮,I live
丕賱睾丕亘丞,the forest
噩丕丿,serious
爻丕賳,San
鬲爻賲毓,you hear
丕賱丌賳爻丞,the lady
兀賱賷賰爻,Alex
兀乇丕賴賳,I bet
賲爻兀賱丞,matter
丕賱賯胤丕乇,the train
兀丨爻賳鬲,well done
丕賱鬲賱賮丕夭,the television
兀乇爻賱,I send
亘爻賷胤,simple
賲賱賰,king
賵賱賲丕匕丕,and why
卮乇胤賷,policeman
丕賱爻賱丕賲丞,safety
噩賲賷毓賳丕,all of us
氐賵乇,pictures
賷丿毓賶,called
毓馗賷賲丞,great
丕賱毓賲乇,age
丕賱亘賱丕丿,the country
丕乇丿鬲,I wanted
爻乇賯丞,theft
丨賲丕賷丞,protection
爻賰賵鬲,Scott
鬲賯賵賱賴,you say it
噩丕賷,Jay
鬲乇賷丿賳賷,you want me
禺丿賲丞,service
爻賵,so
賯賵賷,strong
毓丿,return
禺丕胤卅,wrong
賵毓賱賶,and on
賲毓匕乇丞,excuse me
賮鬲賷丕鬲,girls
毓匕乇丕賸,sorry
乇亘丕賴,my God
丿賲丕亍,blood
鬲鬲賵賯賮,stop
丕賱賱丨賲,the meat
丕賱賯丿賲,the foot
廿賳鬲賴賶,finished
賯賱賯,worried
賯丕賱賵丕,they said
兀亘丿賵,I seem
亘丕賱毓賲賱,at work
鬲丕乇賷禺,history
丕噩賱爻,sit
丕賱囟丨賷丞,the victim
亘丕乇賷爻,Paris
賮賰乇,think
丕賱兀亘賷囟,the white
鬲賳鬲賴賷,end
賱賳乇賶,let's see
賲丐禺乇丕賸,recently
丕賱乇丕卅毓,wonderful
鬲囟毓,you put
丕賱兀爻賱丨丞,the weapons
禺胤,line
丕賱丿賮丕毓,defense
丨丕賱賲丕,as soon as
亘丕賱廿囟丕賮丞,in addition
亘毓囟賴賲,some of them
兀亘賯賶,I stay
亘兀賲丕賳,safely
兀孬賯,I trust
鬲馗賳賷賳,you think (female)
丕賱鬲丕賱賷丞,the next
鬲爻賷乇,walk
丕賱兀賵賱丕丿,the boys
賲爻丕毓丿鬲賷,my help
兀賲賵乇,matters
卮乇丕亘,drink
丕賱兀賱賲,the pain
丕賱兀丨賷丕賳,sometimes
丕賱卮丕丨賳丞,the truck
丕賱賰賱賲丕鬲,the words
丕賱鬲賵賯賮,stop
賰賳賾丕,we were
賵丿丕毓丕,goodbye
爻丕亘賯丕賸,previously
丕爻賲賴丕,her name
丿丕賳,Dan
兀丿禺賱,I enter
賵丕賱鬲乇,Walter
丕賲乇,order
丕鬲賲賳賶,I hope
孬賲賳,price
噩丕賴夭丞,ready
賱卮禺氐,for someone
鬲賯賵賱賷,you say (female)
噩賵賳賷,Johnny
丨囟乇丞,sir
禺匕賷,take (female)
丕賱賰賳賷爻丞,the church
亘賳丕亍,building
爻鬲匕賴亘,you will go
丕賱賲賮囟賱,the favorite
賲卮丕賴丿丞,watching
爻賷卅,bad
氐賮賯丞,deal
毓賲賱賴,his work
賵丕賵,wow
亘丕賱乇睾賲,despite
丕賱氐賮,the class
賰賱賷乇,Claire
賱賰賳賴賲,but they
丕賱噩賱賵爻,sitting
丕賱爻乇毓丞,the speed
亘賵亘賷,Bobby
丕賱卮乇丕亘,the drink
賲賵丕賮賯丞,agreement
丕賱噩賲賷賱,the beautiful
丕賱賮賰乇丞,the idea
亘丕賱賯乇亘,near
丕賱卮禺氐賷丞,the character
丕賱賯賲乇,the moon
丌賱丕賮,thousands
鬲鬲氐賱,you call
賵賰丕賳鬲,and she was
賰賴匕賴,like this
兀乇亘毓,four
胤丕卅乇丞,airplane
丕賱孬丕賳賵賷丞,secondary
丕爻鬲賲毓,listen
賵賰匕賱賰,also
賲乇鬲賷賳,twice
爻亘毓丞,seven
噩賷乇賷,Jerry
卮丕乇毓,street
賲賷鬲丞,dead
賷乇賶,sees
亘賯賷丞,rest
兀賯丿乇,I appreciate
賷噩毓賱賳賷,makes me
兀乇丕賴,I see him
鬲毓乇賮賷,you know (female)
夭賵噩,husband
丕賱夭賲賳,time
爻賵丕亍,whether
賯鬲賱賴,killed him
賲賵鬲,death
丕賱丿乇噩丞,the degree
賱賱賴,for God
丕賳鬲賴鬲,ended
丿禺賱鬲,I entered
賱賱禺乇賵噩,to exit
氐賳毓,make
兀賲賱,hope
胤亘賷毓賷,normal
丕賱爻賱丕賲,peace
卮乇丕亍,buying
賮乇賯丞,team
丕賱爻丕丿丞,the gentlemen
丕賱鬲乇噩賲丞,the translation
鬲丿禺賱,enter
丕賱賰賱,all
賳氐賱,we arrive
賮賳丿賯,hotel
丕賱氐賳丿賵賯,the box
卮賰賱,shape
賲賳夭賱賰,your house
兀賯乇亘,closer
丕賱丨賯賷賯賷丞,the real
丕賱乇卅賷爻賷,the main
夭賵噩賰,your husband
胤賵賷賱丕賸,long
兀毓賲丕賱,works
賲卮睾賵賱,busy
丨丕賲賱,pregnant
賷丕乇賮丕賯,guys
鬲賮毓賱賷賳賴,you do (female)
卮賰,doubt
丕賱鬲丨賰賲,control
胤亘毓丕賸,of course
賵賱賴匕丕,for this
爻毓賷丿丕賸,happy
賲賳丕爻亘,suitable
賯丕賲賵丕,they did
兀亘賶,my father
丕賱卮亘丕亘,the youth
賷賲賰賳賰賲,you can
鬲賯丿賲,progress
丕賱兀爻賵丿,the black
夭賲賳,time
禺賷乇,good
鬲胤賱亘,you ask
賷亘丿兀,begins
亘丕亘,door
賵丕賱丿鬲賷,my mother
氐丿賷賯鬲賷,my friend
毓丕卅賱鬲賰,your family
賷賵賲賷賳,two days
乇賵夭,Rose
賰丕亘鬲賳,captain
爻賴賱,easy
禺胤賷乇,dangerous
亘卮兀賳賴,about him
丕賱乇丨賷賱,departure
賰丕乇賱,Carl
兀鬲賵賯毓,I expect
丕賱賳噩丿丞,help
賷亘丨孬,searches
賷丿,hand
睾丕囟亘丞,angry
鬲賵賲丕爻,Thomas
賷賵賲丕,day
鬲毓乇賮賴,you know him
丕賱丕賮囟賱,the best
賷賯鬲賱,kills
胤賵賱,length
廿賲丕,either
賵丨丿丞,unit
爻賷丕乇鬲賷,my car
鬲賵賳賷,Tony
丿賷賳,religion
丕賱賲賮鬲丕丨,the key
丕賱囟睾胤,pressure
兀賯賵賶,stronger
賲賵丕賮賯,agree
丕賱乇丨賱丞,the trip
賵噩丿,found
鬲賱毓亘,play
亘亘爻丕胤丞,simply
廿毓鬲賯丿鬲,I believed
氐亘丕丨丕賸,in the morning
賳賵毓丕,kind
賯丕丿乇,able
胤乇賷賯賴,his way
匕丕賴亘丞,going
鬲賰匕亘,you lie
丿禺賱,entered
賰賳鬲賷,you were (female)
兀賯丿賲,older
賲噩賱爻,council
噩賷賳賷,Jenny
爻賵賷丕賸,together
丕賱禺胤亘,the speech
鬲賵賯賮賵丕,stop
賱爻鬲賽,you are not (female)
毓胤賱丞,holiday
賳丕丿賷,club
丨賷丕鬲賳丕,our life
賱賱賯賷丕賲,to do
賲丕賴賷,what is
毓賲賷,my uncle
亘囟毓,a few
丕賱廿賳鬲馗丕乇,waiting
賲噩丕賱,field
毓賲賷賱,client
鬲乇賷賳,you see (female)
賲賳賶,Mona
丕賱賲爻丿爻,the gun
賰丕賷賱,Kyle
賱賷賱賷,Lily
賲丿賷乇,manager
賱毓賷賳,damn
丕賱卮賴乇,the month
賱賱丨馗丞,for a moment
賯乇兀鬲,I read
丿丕毓賷,reason
廿亘賳,son
丕賱噩賵,the weather
賲丨胤丞,station
丕賮賰乇,I think
鬲兀賰賷丿,confirmation
爻賷兀鬲賷,will come
丌賳,now
丕賱兀亘丿,forever
賯賷賲丞,value
亘丿丕,seemed
丕賱兀氐丿賯丕亍,the friends
賮鬲丨,open
賵賰兀賳賴,as if
丕賱夭賮丕賮,the wedding
賮賲賳,so who
丌禺匕,I take
賱兀丨丿,for someone
賯賮,stop
丕賱胤丕賵賱丞,the table
禺胤賵丞,step
鬲賲丕賳毓,mind
亘丕賱兀賲爻,yesterday
賵賯毓鬲,I fell
毓賯丿,contract
亘廿賲賰丕賳賳丕,we can
賵丕賱丿,father
賱賱賴賵賱,oh my God
孬賲丕賳賷丞,eight
丕賱毓馗賷賲,the great
丕賱爻賷丿丕鬲,the ladies
賯丕卅丿,leader
丕賱丨丕賱賷,current
賷鬲賵噩亘,must
卮丕亘,young man
賮賷賰,in you
鬲賯乇賷乇,report
爻亘賷賱,way
丕賱禺賵賮,fear
丕賱賲賵賯毓,the location
氐丨賷丨丕賸,correct
丕賱丨丿賵丿,the borders
賱賵賰,Luke
卮禺氐丕,person
丕賱賳丕賮匕丞,the window
鬲賳鬲馗乇,you wait
賰賷賲,Kim
丕賯氐丿,I mean
兀賮鬲乇囟,I assume
乇兀賷鬲賴丕,I saw her
丕賱賲賱丕夭賲,the lieutenant
賱賲毓乇賮丞,to know
鬲爻鬲禺丿賲,use
賷賮毓賱賵賳,they do
丕賱兀丨賲乇,the red
丕賱賰賱賲丞,the word
氐毓亘丞,difficult
匕賰乇,male
鬲丨丿賷丿,determine
禺乇噩,went out
乇賷丿,Reed
丕亘賯賶,stay
丕賱鬲丨賯賷賯,the investigation
丨乇賰丞,movement
賮賷賱,elephant
丕賱賮囟丕亍,space
睾丕囟亘,angry
噩賵賷,Joey
賱賱禺丕乇噩,outside
鬲賵賯賮鬲,I stopped
丕賱孬賱噩,the snow
噩賷丿賴,good
兀鬲毓鬲賯丿,do you think
毓賱丕賲丞,sign
鬲賯氐丿賷賳,you mean (female)
賯丿賷賲,old
爻賷卅丕賸,bad
丕賯賵賲,I do
賱賮毓賱,to do
賲賵囟賵毓,topic
賱丕,no
賲賳,from
賮賷,in
兀賳,that
賴匕丕,this
毓賱賶,on
賲丕,what
兀賳丕,I
賴賱,do / is
賵,and
賷丕,oh
匕賱賰,that
賱賯丿,already
賱賲,not
賲丕匕丕,what
賰丕賳,was
賴賳丕,here
廿賱賶,to
兀賳鬲,you
賴賵,he
賴匕賴,this
毓賳,about
賳毓賲,yes
丕賳,that
賴賳丕賰,there
賰賱,all
丨爻賳丕賸,okay
賱賷爻,not
賰賳鬲,I was
賮賯胤,only
卮賷亍,thing
丕賱丌賳,now
賲毓,with
丕賱匕賷,which
賱賰賳,but
兀噩賱,yes
賱賰,for you
賷噩亘,must
賱賳,will not
賰賷賮,how
丨爻賳丕,okay
丕賳丕,I
賱賷,for me
廿賳賴,it is
爻賵賮,will
賳丨賳,we
廿匕丕,if
賰丕賳鬲,was
毓賳丿賲丕,when
兀賷,any
賯丿,may
賱賲丕匕丕,why
賴賷,she
丕賱兀賲乇,the matter
兀賳賴,that it is
賮賶,in
丨鬲賶,until
亘毓丿,after
賰匕賱賰,also
兀賵,or
賵賱賰賳,but
賯亘賱,before
丕賱鬲賷,which
丕賳賴,it is
廿賳賴丕,she is
賱賵,if
乇亘賲丕,maybe
兀賷賳,where
賴賷丕,come on
鬲賱賰,those
兀毓乇賮,I know
丕賱賶,to
廿賳,indeed
賷賰賵賳,be
亘毓囟,some
兀乇賷丿,I want
兀毓鬲賯丿,I think
丕賳鬲,you
毓賱賷賰,you must
賲孬賱,like
氐丨賷丨,right
亘賴,with it
兀賳賰,that you
丕賱賵賯鬲,time
亘禺賷乇,fine
兀毓賱賲,I know
兀丨丿,someone
卮禺氐,person
噩丿丕賸,very
乇噩賱,man
卮賰乇丕賸,thank you
賱匕丕,so
賷賲賰賳,can
賰賲丕,as
賰賱丕,no
兀賰孬乇,more
賷亘丿賵,seems
噩賷丿,good
鬲賰賵賳,be
毓賱賷,on me
丕賱賷賵賲,today
賷賲賰賳賰,you can
丕賳賴丕,it is
兀賱賷爻,isn't it
賲乇丨亘丕賸,hello
賱丿賷,I have
毓賱賷賴,on him
丌禺乇,another
賱爻鬲,I am not
賲賳匕,since
睾賷乇,other
兀賷賴丕,hey
賱丿賷賰,you have
丨賯丕賸,really
兀賳鬲賽,you (female)
鬲乇賷丿,you want
兀爻鬲胤賷毓,I can
丕賱乇噩賱,the man
鬲毓乇賮,you know
賱賴,for him
賲乇丞,once
賱丿賷賳丕,we have
兀賳賴丕,that she
賷賲賰賳賳賷,I can
亘兀賳,that
賵丕丨丿,one
兀賳賳賷,that I
兀賵賴,oh
爻賷賰賵賳,will be
丕賱賳丕爻,people
賱賷爻鬲,is not
丨丿孬,happened
亘賴丕,with her
兀賷囟丕賸,also
兀賮囟賱,better
丕賱賰孬賷乇,many
毓賱賷賳丕,on us
爻賷丿賷,sir
賲賰丕賳,place
鬲賮毓賱,you do
賵賯鬲,time